Team,Goals Scored,Goals Against,Opposing Team,Half-time Home Goals,Half-time Away Goals,RoundID,MatchID
France,4,1,Mexico,3,0,201,1096
USA,3,0,Belgium,2,0,201,1090
Yugoslavia,2,1,Brazil,2,0,201,1093
Romania,3,1,Peru,1,0,201,1098
Argentina,1,0,France,0,0,201,1085
Chile,3,0,Mexico,1,0,201,1095
Yugoslavia,4,0,Bolivia,0,0,201,1092
USA,3,0,Paraguay,2,0,201,1097
Uruguay,1,0,Peru,0,0,201,1099
Chile,1,0,France,0,0,201,1094
Argentina,6,3,Mexico,3,1,201,1086
Brazil,4,0,Bolivia,1,0,201,1091
Paraguay,1,0,Belgium,1,0,201,1089
Uruguay,4,0,Romania,4,0,201,1100
Argentina,3,1,Chile,2,1,201,1084
Argentina,6,1,USA,1,0,202,1088
Uruguay,6,1,Yugoslavia,3,1,202,1101
Uruguay,4,2,Argentina,1,2,405,1087
Austria,3,2,France,0,0,204,1104
Hungary,4,2,Egypt,2,2,204,1119
Switzerland,3,2,Netherlands,2,1,204,1133
Sweden,3,2,Argentina,1,1,204,1102
Germany,5,2,Belgium,1,2,204,1108
Spain,3,1,Brazil,3,0,204,1111
Italy,7,1,USA,3,0,204,1135
Czechoslovakia,2,1,Romania,0,1,204,1141
Czechoslovakia,3,2,Switzerland,1,1,418,1143
Germany,2,1,Sweden,0,0,418,1129
Italy,1,1,Spain,0,0,418,1122
Austria,2,1,Hungary,1,0,418,1106
Italy,1,0,Spain,1,0,418,1123
Italy,1,0,Austria,1,0,3492,1107
Czechoslovakia,3,1,Germany,1,0,3492,1130
Germany,3,2,Austria,3,1,3491,1105
Italy,2,1,Czechoslovakia,0,0,3490,1134
Switzerland,1,1,Germany,0,0,206,1165
Hungary,6,0,Dutch East Indies,4,0,206,1173
France,3,1,Belgium,2,1,206,1146
Cuba,3,3,Romania,0,0,206,1156
Italy,2,1,Norway,0,0,206,1179
Brazil,6,5,Poland,0,0,206,1150
Czechoslovakia,3,0,Netherlands,0,0,206,1172
Cuba,2,1,Romania,0,1,206,1157
Switzerland,4,2,Germany,1,2,206,1166
Brazil,1,1,Czechoslovakia,0,0,429,1152
Hungary,2,0,Switzerland,1,0,429,1175
Sweden,8,0,Cuba,4,0,429,1158
Italy,3,1,France,1,1,429,1164
Brazil,2,1,Czechoslovakia,0,1,429,1153
Hungary,5,1,Sweden,3,1,3489,1176
Italy,2,1,Brazil,0,0,3489,1149
Brazil,4,2,Sweden,1,2,3488,1151
Italy,4,2,Hungary,3,1,3487,1174
Brazil,4,0,Mexico,1,0,208,1187
England,2,0,Chile,1,0,208,1192
Spain,3,1,USA,0,1,208,1208
Sweden,3,2,Italy,2,1,208,1219
Yugoslavia,3,0,Switzerland,0,0,208,1230
Brazil,2,2,Switzerland,2,1,208,1188
Yugoslavia,4,1,Mexico,2,0,208,1225
Spain,2,0,Chile,2,0,208,1193
Sweden,2,2,Paraguay,2,1,208,1228
USA,1,0,England,1,0,208,1202
Brazil,2,0,Yugoslavia,1,0,208,1191
Spain,1,0,England,0,0,208,1199
Italy,2,0,Paraguay,1,0,208,1218
Uruguay,8,0,Bolivia,4,0,208,1185
Switzerland,2,1,Mexico,2,0,208,1222
Chile,5,2,USA,2,0,208,1194
Uruguay,2,2,Spain,1,2,209,1207
Brazil,7,1,Sweden,3,0,209,1189
Brazil,6,1,Spain,3,0,209,1186
Uruguay,3,2,Sweden,1,2,209,1231
Sweden,3,1,Spain,2,0,209,1206
Uruguay,2,1,Brazil,0,0,209,1190
Uruguay,2,0,Czechoslovakia,0,0,211,1315
Austria,1,0,Scotland,1,0,211,1236
Brazil,5,0,Mexico,4,0,211,1249
Yugoslavia,1,0,France,1,0,211,1276
Germany FR,4,1,Turkey,1,1,211,1283
Hungary,9,0,Korea Republic,4,0,211,1294
England,4,4,Belgium,0,0,211,1240
Switzerland,2,1,Italy,1,1,211,1300
Uruguay,7,0,Scotland,2,0,211,1313
Austria,5,0,Czechoslovakia,4,0,211,1238
France,3,2,Mexico,1,0,211,1275
Brazil,1,1,Yugoslavia,0,0,211,1252
Hungary,8,3,Germany FR,3,1,211,1277
Turkey,7,0,Korea Republic,4,0,211,1304
England,2,0,Switzerland,1,0,211,1263
Italy,4,1,Belgium,1,0,211,1243
Germany FR,7,2,Turkey,3,1,211,1284
Switzerland,4,1,Italy,1,0,211,1301
Uruguay,4,2,England,2,1,212,1264
Austria,7,5,Switzerland,5,4,212,1237
Germany FR,2,0,Yugoslavia,1,0,212,1285
Hungary,4,2,Brazil,2,1,212,1248
Germany FR,6,1,Austria,1,0,462,1233
Hungary,4,2,Uruguay,0,0,462,1295
Austria,3,1,Uruguay,1,1,3485,1239
Germany FR,3,2,Hungary,2,2,3484,1278
Sweden,3,0,Mexico,1,0,220,1415
Soviet Union,2,2,England,1,0,220,1372
Argentina,1,3,Germany FR,1,2,220,1323
Hungary,1,1,Wales,1,1,220,1407
France,7,3,Paraguay,2,2,220,1386
Yugoslavia,1,1,Scotland,1,0,220,1434
Brazil,3,0,Austria,1,0,220,1326
Northern Ireland,1,0,Czechoslovakia,1,0,220,1421
Brazil,0,0,England,0,0,220,1339
Mexico,1,1,Wales,0,1,220,1418
Paraguay,3,2,Scotland,2,1,220,1423
Yugoslavia,3,2,France,1,1,220,1388
Soviet Union,2,0,Austria,1,0,220,1332
Germany FR,2,2,Czechoslovakia,0,2,220,1391
Argentina,3,1,Northern Ireland,1,1,220,1324
Sweden,2,1,Hungary,1,0,220,1406
Sweden,0,0,Wales,0,0,220,1438
Brazil,2,0,Soviet Union,1,0,220,1344
Germany FR,2,2,Northern Ireland,1,1,220,1389
Hungary,4,0,Mexico,1,0,220,1403
Paraguay,3,3,Yugoslavia,1,2,220,1426
France,2,1,Scotland,2,0,220,1387
England,2,2,Austria,0,1,220,1327
Czechoslovakia,6,1,Argentina,3,0,220,1325
Soviet Union,1,0,England,0,0,220,1373
Northern Ireland,2,1,Czechoslovakia,0,0,220,1422
Wales,2,1,Hungary,0,1,220,1408
Brazil,1,0,Wales,0,0,221,1345
Germany FR,1,0,Yugoslavia,1,0,221,1392
Sweden,2,0,Soviet Union,0,0,221,1437
France,4,0,Northern Ireland,1,0,221,1385
Sweden,3,1,Germany FR,1,1,488,1390
Brazil,5,2,France,2,1,488,1340
France,6,3,Germany FR,3,1,3483,1382
Brazil,5,2,Sweden,2,1,3482,1343
Uruguay,2,1,Colombia,0,1,231,1479
Brazil,2,0,Mexico,0,0,231,1461
Argentina,1,0,Bulgaria,1,0,231,1447
Chile,3,1,Switzerland,1,1,231,1473
Soviet Union,2,0,Yugoslavia,0,0,231,1563
Czechoslovakia,1,0,Spain,0,0,231,1498
Hungary,2,1,England,1,0,231,1490
Germany FR,0,0,Italy,0,0,231,1507
Yugoslavia,3,1,Uruguay,2,1,231,1564
Brazil,0,0,Czechoslovakia,0,0,231,1462
England,3,1,Argentina,2,0,231,1450
Chile,2,0,Italy,0,0,231,1472
Soviet Union,4,4,Colombia,3,1,231,1478
Spain,1,0,Mexico,0,0,231,1497
Hungary,6,1,Bulgaria,4,0,231,1470
Germany FR,2,1,Switzerland,1,0,231,1510
Soviet Union,2,1,Uruguay,1,0,231,1562
Brazil,2,1,Spain,0,1,231,1460
Hungary,0,0,Argentina,0,0,231,1451
Germany FR,2,0,Chile,1,0,231,1471
Yugoslavia,5,0,Colombia,2,0,231,1480
Mexico,3,1,Czechoslovakia,2,1,231,1544
England,0,0,Bulgaria,0,0,231,1464
Italy,3,0,Switzerland,1,0,231,1532
Chile,2,1,Soviet Union,2,1,232,1474
Brazil,3,1,England,1,1,232,1459
Czechoslovakia,1,0,Hungary,1,0,232,1525
Yugoslavia,1,0,Germany FR,0,0,232,1511
Czechoslovakia,3,1,Yugoslavia,0,0,514,1559
Brazil,4,2,Chile,2,1,514,1458
Chile,1,0,Yugoslavia,0,0,3481,1475
Brazil,3,1,Czechoslovakia,1,1,3480,1463
England,0,0,Uruguay,0,0,238,1636
Germany FR,5,0,Switzerland,3,0,238,1656
Brazil,2,0,Bulgaria,1,0,238,1596
Soviet Union,3,0,Korea DPR,2,0,238,1710
France,1,1,Mexico,0,0,238,1650
Portugal,3,1,Hungary,1,0,238,1675
Argentina,2,1,Spain,0,0,238,1578
Italy,2,0,Chile,1,0,238,1608
Uruguay,2,1,France,2,1,238,1653
Spain,2,1,Switzerland,0,1,238,1641
Hungary,3,1,Brazil,1,1,238,1597
Korea DPR,1,1,Chile,0,1,238,1609
Portugal,3,0,Bulgaria,2,0,238,1602
Germany FR,0,0,Argentina,0,0,238,1579
Soviet Union,1,0,Italy,0,0,238,1682
England,2,0,Mexico,1,0,238,1634
Uruguay,0,0,Mexico,0,0,238,1689
Argentina,2,0,Switzerland,0,0,238,1582
Portugal,3,1,Brazil,2,0,238,1598
Korea DPR,1,0,Italy,1,0,238,1679
England,2,0,France,1,0,238,1632
Hungary,3,1,Bulgaria,2,1,238,1599
Germany FR,2,1,Spain,1,1,238,1637
Soviet Union,2,1,Chile,1,1,238,1610
England,1,0,Argentina,0,0,239,1577
Germany FR,4,0,Uruguay,1,0,239,1660
Soviet Union,2,1,Hungary,1,0,239,1676
Portugal,5,3,Korea DPR,2,3,239,1702
Germany FR,2,1,Soviet Union,1,0,536,1659
England,2,1,Portugal,1,0,536,1635
Portugal,2,1,Soviet Union,1,1,3479,1709
England,4,2,Germany FR,0,0,3478,1633
Mexico,0,0,Soviet Union,0,0,250,1902
Uruguay,2,0,Israel,1,0,250,1881
Peru,3,2,Bulgaria,0,1,250,1780
England,1,0,Romania,0,0,250,1812
Italy,1,0,Sweden,1,0,250,1883
Germany FR,2,1,Morocco,0,1,250,1839
Brazil,4,1,Czechoslovakia,1,1,250,1770
Belgium,3,0,El Salvador,1,0,250,1747
Uruguay,0,0,Italy,0,0,250,1884
Peru,3,0,Morocco,0,0,250,1893
Romania,2,1,Czechoslovakia,0,1,250,1919
Soviet Union,4,1,Belgium,1,0,250,1753
Sweden,1,1,Israel,0,0,250,1880
Germany FR,5,2,Bulgaria,2,1,250,1774
Brazil,1,0,England,0,0,250,1764
Mexico,4,0,El Salvador,1,0,250,1820
Sweden,1,0,Uruguay,0,0,250,1922
Germany FR,3,1,Peru,3,1,250,1840
Brazil,3,2,Romania,2,1,250,1769
Soviet Union,2,0,El Salvador,0,0,250,1823
Italy,0,0,Israel,0,0,250,1877
Bulgaria,1,1,Morocco,1,0,250,1779
England,1,0,Czechoslovakia,0,0,250,1813
Mexico,1,0,Belgium,1,0,250,1752
Italy,4,1,Mexico,1,1,251,1882
Germany FR,3,2,England,0,0,251,1811
Brazil,4,2,Peru,2,1,251,1768
Uruguay,1,0,Soviet Union,0,0,251,1925
Brazil,3,1,Uruguay,1,1,569,1771
Italy,4,3,Germany FR,0,0,569,1838
Germany FR,1,0,Uruguay,1,0,3477,1843
Brazil,4,1,Italy,1,1,3476,1765
Brazil,0,0,Yugoslavia,0,0,262,1986
Germany FR,1,0,Chile,1,0,262,2003
German DR,2,0,Australia,0,0,262,1955
Zaire,0,2,Scotland,0,2,262,2176
Uruguay,0,2,Netherlands,0,1,262,2098
Sweden,0,0,Bulgaria,0,0,262,1995
Italy,3,1,Haiti,0,0,262,2083
Poland,3,2,Argentina,2,0,262,1952
Australia,0,3,Germany FR,0,2,262,1954
Scotland,0,0,Brazil,0,0,262,1985
Chile,1,1,German DR,0,0,262,2004
Yugoslavia,9,0,Zaire,6,0,262,2186
Netherlands,0,0,Sweden,0,0,262,2097
Bulgaria,1,1,Uruguay,0,0,262,1996
Haiti,0,7,Poland,0,5,262,2085
Argentina,1,1,Italy,1,1,262,1949
Scotland,1,1,Yugoslavia,0,0,262,2175
Australia,0,0,Chile,0,0,262,1953
Zaire,0,3,Brazil,0,1,262,1987
German DR,1,0,Germany FR,0,0,262,2062
Bulgaria,1,4,Netherlands,0,2,262,1990
Argentina,4,1,Haiti,2,0,262,1947
Sweden,3,0,Uruguay,0,0,262,2181
Poland,2,1,Italy,2,0,262,2129
Yugoslavia,0,2,Germany FR,0,1,263,2066
Brazil,1,0,German DR,0,0,263,1982
Netherlands,4,0,Argentina,2,0,263,1948
Sweden,0,1,Poland,0,1,263,2167
Argentina,1,2,Brazil,1,1,263,1945
Poland,2,1,Yugoslavia,1,1,263,2170
German DR,0,2,Netherlands,0,1,263,2067
Germany FR,4,2,Sweden,0,1,263,2065
Poland,0,1,Germany FR,0,0,263,2064
Netherlands,2,0,Brazil,0,0,263,1983
Argentina,1,1,German DR,1,1,263,1946
Sweden,2,1,Yugoslavia,1,1,263,2182
Brazil,0,1,Poland,0,0,264,1984
Netherlands,1,2,Germany FR,1,2,605,2063
Germany FR,0,0,Poland,0,0,278,2351
Italy,2,1,France,1,1,278,2347
Tunisia,3,1,Mexico,0,1,278,2433
Argentina,2,1,Hungary,1,1,278,2199
Sweden,1,1,Brazil,1,1,278,2253
Austria,2,1,Spain,1,1,278,2216
Peru,3,1,Scotland,1,1,278,2451
Netherlands,3,0,IR Iran,1,0,278,2388
Italy,3,1,Hungary,2,0,278,2396
Poland,1,0,Tunisia,1,0,278,2454
Germany FR,6,0,Mexico,4,0,278,2350
Argentina,2,1,France,1,0,278,2197
Brazil,0,0,Spain,0,0,278,2246
Austria,1,0,Sweden,1,0,278,2224
Scotland,1,1,IR Iran,1,0,278,2408
Netherlands,0,0,Peru,0,0,278,2394
France,3,1,Hungary,3,1,278,2344
Poland,3,1,Mexico,1,0,278,2431
Germany FR,0,0,Tunisia,0,0,278,2352
Italy,1,0,Argentina,0,0,278,2200
Brazil,1,0,Austria,1,0,278,2215
Spain,1,0,Sweden,0,0,278,2337
Peru,4,1,Iran,3,1,278,2405
Scotland,3,2,Netherlands,1,1,278,2395
Germany FR,0,0,Italy,0,0,279,2349
Netherlands,5,1,Austria,3,0,279,2220
Brazil,3,0,Peru,2,0,279,2251
Argentina,2,0,Poland,1,0,279,2202
Poland,1,0,Peru,0,0,279,2450
Italy,1,0,Austria,1,0,279,2221
Germany FR,2,2,Netherlands,1,1,279,2348
Argentina,0,0,Brazil,0,0,279,2196
Netherlands,2,1,Italy,0,1,279,2391
Austria,3,2,Germany FR,0,1,279,2217
Brazil,3,1,Poland,1,1,279,2252
Argentina,6,0,Peru,2,0,279,2201
Brazil,2,1,Italy,0,1,280,2247
Argentina,3,1,Netherlands,0,0,639,2198
Argentina,0,1,Belgium,0,0,293,749
Italy,0,0,Poland,0,0,293,995
Brazil,2,1,Soviet Union,0,1,293,791
Peru,0,0,Cameroon,0,0,293,833
Hungary,10,1,El Salvador,3,0,293,896
Scotland,5,2,New Zealand,3,0,293,1051
Germany FR,1,2,Algeria,0,0,293,741
England,3,1,France,1,1,293,878
Spain,1,1,Honduras,0,1,293,901
Chile,0,1,Austria,0,1,293,764
Czechoslovakia,1,1,Kuwait,1,0,293,1012
Yugoslavia,0,0,Northern Ireland,0,0,293,1044
Italy,1,1,Peru,1,0,293,994
Argentina,4,1,Hungary,2,0,293,752
Brazil,4,1,Scotland,1,1,293,790
Poland,0,0,Cameroon,0,0,293,834
Belgium,1,0,El Salvador,1,0,293,774
Soviet Union,3,0,New Zealand,1,0,293,1054
Germany FR,4,1,Chile,1,0,293,813
England,2,0,Czechoslovakia,0,0,293,889
Spain,2,1,Yugoslavia,1,1,293,903
Algeria,0,2,Austria,0,0,293,739
France,4,1,Kuwait,2,0,293,919
Honduras,1,1,Northern Ireland,0,1,293,959
Poland,5,1,Peru,0,0,293,1055
Belgium,1,1,Hungary,0,1,293,779
Soviet Union,2,2,Scotland,0,1,293,1071
Italy,1,1,Cameroon,0,0,293,828
Argentina,2,0,El Salvador,1,0,293,751
Brazil,4,0,New Zealand,2,0,293,789
Algeria,3,2,Chile,3,0,293,740
France,1,1,Czechoslovakia,0,0,293,922
Honduras,0,1,Yugoslavia,0,0,293,962
Germany FR,1,0,Austria,1,0,293,770
England,1,0,Kuwait,1,0,293,882
Northern Ireland,1,0,Spain,0,0,293,902
Austria,0,1,France,0,1,294,767
Poland,3,0,Belgium,2,0,294,782
Italy,2,1,Argentina,0,0,294,753
Germany FR,0,0,England,0,0,294,879
Austria,2,2,Northern Ireland,0,1,294,771
Belgium,0,1,Soviet Union,0,0,294,783
Argentina,1,3,Brazil,0,1,294,750
Germany FR,2,1,Spain,0,0,294,900
France,4,1,Northern Ireland,1,0,294,920
Poland,0,0,Soviet Union,0,0,294,1058
Italy,3,2,Brazil,2,1,294,788
Spain,0,0,England,0,0,294,877
Poland,0,2,Italy,0,1,295,996
Germany FR,3,3,France,0,0,295,914
Poland,3,2,France,2,1,676,921
Italy,3,1,Germany FR,0,0,3475,923
Bulgaria,1,1,Italy,0,1,308,459
Canada,0,1,France,0,0,308,468
Spain,0,1,Brazil,0,0,308,439
Soviet Union,6,0,Hungary,3,0,308,610
Argentina,3,1,Korea Republic,2,0,308,395
Morocco,0,0,Poland,0,0,308,674
Algeria,1,1,Northern Ireland,0,1,308,379
Belgium,1,2,Mexico,1,2,308,428
Portugal,1,0,England,0,0,308,538
Paraguay,1,0,Iraq,1,0,308,628
Scotland,0,1,Denmark,0,0,308,517
Uruguay,1,1,Germany FR,1,0,308,585
Italy,1,1,Argentina,1,1,308,394
France,1,1,Soviet Union,0,0,308,571
Korea Republic,1,1,Bulgaria,0,1,308,460
Hungary,2,0,Canada,1,0,308,475
Brazil,1,0,Algeria,0,0,308,377
England,0,0,Morocco,0,0,308,533
Northern Ireland,1,2,Spain,0,2,308,551
Mexico,1,1,Paraguay,1,0,308,680
Poland,1,0,Portugal,0,0,308,701
Iraq,1,2,Belgium,0,2,308,427
Denmark,6,1,Uruguay,2,1,308,522
Germany FR,2,1,Scotland,1,1,308,580
Hungary,0,3,France,0,1,308,567
Soviet Union,2,0,Canada,0,0,308,476
Korea Republic,2,3,Italy,0,1,308,643
Argentina,2,0,Bulgaria,1,0,308,389
Paraguay,2,2,Belgium,0,1,308,429
Iraq,0,1,Mexico,0,0,308,627
Portugal,1,3,Morocco,0,2,308,675
England,3,0,Poland,3,0,308,537
Northern Ireland,0,3,Brazil,0,2,308,441
Algeria,0,3,Spain,0,1,308,378
Scotland,0,0,Uruguay,0,0,308,712
Denmark,2,0,Germany FR,1,0,308,512
Soviet Union,3,4,Belgium,0,0,309,432
Mexico,2,0,Bulgaria,1,0,309,463
Argentina,1,0,Uruguay,1,0,309,398
Brazil,4,0,Poland,1,0,309,444
Italy,0,2,France,0,1,309,568
Morocco,0,1,Germany FR,0,0,309,574
England,3,0,Paraguay,1,0,309,536
Denmark,1,5,Spain,1,1,309,511
Brazil,1,1,France,0,0,714,440
Germany FR,0,0,Mexico,0,0,714,575
Spain,1,1,Belgium,0,0,714,421
Argentina,2,1,England,0,0,714,392
France,0,2,Germany FR,0,1,3469,564
Argentina,2,0,Belgium,0,0,3469,388
France,4,2,Belgium,0,0,3468,422
Argentina,3,2,Germany FR,1,0,3467,393
Argentina,0,1,Cameroon,0,0,322,26
Soviet Union,0,2,Romania,0,1,322,342
United Arab Emirates,0,2,Colombia,0,0,322,119
Italy,1,0,Austria,0,0,322,42
USA,1,5,Czechoslovakia,0,2,322,355
Brazil,2,1,Sweden,1,0,322,75
Germany FR,4,1,Yugoslavia,2,0,322,201
Costa Rica,1,0,Scotland,0,0,322,127
England,1,1,Republic of Ireland,1,0,322,161
Belgium,2,0,Korea Republic,0,0,322,57
Netherlands,1,1,Egypt,0,0,322,151
Uruguay,0,0,Spain,0,0,322,180
Argentina,2,0,Soviet Union,1,0,322,30
Cameroon,2,1,Romania,0,0,322,108
Yugoslavia,1,0,Colombia,0,0,322,120
Italy,1,0,USA,1,0,322,265
Austria,0,1,Czechoslovakia,0,1,322,43
Germany FR,5,1,United Arab Emirates,2,0,322,198
Brazil,1,0,Costa Rica,1,0,322,73
Sweden,1,2,Scotland,0,1,322,348
England,0,0,Netherlands,0,0,322,160
Republic of Ireland,0,0,Egypt,0,0,322,152
Korea Republic,1,3,Spain,1,1,322,175
Belgium,3,1,Uruguay,2,0,322,66
Argentina,1,1,Romania,0,0,322,29
Cameroon,0,4,Soviet Union,0,2,322,111
Germany FR,1,1,Colombia,0,0,322,114
Yugoslavia,4,1,United Arab Emirates,2,1,322,364
Italy,2,0,Czechoslovakia,1,0,322,263
Austria,2,1,USA,0,0,322,48
Brazil,1,0,Scotland,0,0,322,74
Sweden,1,2,Costa Rica,1,0,322,128
Korea Republic,0,1,Uruguay,0,0,322,290
Belgium,1,2,Spain,1,2,322,56
Republic of Ireland,1,1,Netherlands,0,1,322,228
England,1,0,Egypt,0,0,322,150
Cameroon,2,1,Colombia,0,0,323,102
Czechoslovakia,4,1,Costa Rica,1,0,323,129
Brazil,0,1,Argentina,0,0,323,25
Germany FR,2,1,Netherlands,0,0,323,196
Republic of Ireland,0,0,Romania,0,0,323,248
Italy,2,0,Uruguay,0,0,323,264
Spain,1,2,Yugoslavia,0,0,323,181
England,1,0,Belgium,0,0,323,55
Yugoslavia,0,0,Argentina,0,0,751,31
Italy,1,0,Republic of Ireland,1,0,751,243
Germany FR,1,0,Czechoslovakia,1,0,751,197
England,3,2,Cameroon,0,0,751,103
Italy,1,1,Argentina,0,0,3464,28
Germany FR,1,1,England,0,0,3464,159
Italy,2,1,England,0,0,3463,162
Germany FR,1,0,Argentina,0,0,3462,27
Spain,2,2,Korea Republic,0,0,337,3050
Germany,1,0,Bolivia,0,0,337,3049
USA,1,1,Switzerland,1,1,337,3051
Italy,0,1,Republic of Ireland,0,1,337,3052
Colombia,1,3,Romania,1,2,337,3053
Belgium,1,0,Morocco,1,0,337,3054
Norway,1,0,Mexico,0,0,337,3055
Cameroon,2,2,Sweden,1,1,337,3056
Netherlands,2,1,Saudi Arabia,0,1,337,3058
Brazil,2,0,Russia,1,0,337,3057
Argentina,4,0,Greece,2,0,337,3059
Nigeria,3,0,Bulgaria,2,0,337,3061
Germany,1,1,Spain,0,1,337,3060
Romania,1,4,Switzerland,1,1,337,3062
USA,2,1,Colombia,1,0,337,3063
Italy,1,0,Norway,0,0,337,3064
Korea Republic,0,0,Bolivia,0,0,337,3065
Mexico,2,1,Republic of Ireland,1,0,337,3066
Sweden,3,1,Russia,1,1,337,3068
Brazil,3,0,Cameroon,1,0,337,3067
Belgium,1,0,Netherlands,0,0,337,3069
Saudi Arabia,2,1,Morocco,2,1,337,3070
Argentina,2,1,Nigeria,2,1,337,3071
Bulgaria,4,0,Greece,1,0,337,3072
USA,0,1,Romania,0,1,337,3073
Switzerland,0,2,Colombia,0,1,337,3074
Germany,3,2,Korea Republic,3,0,337,3076
Bolivia,1,3,Spain,0,1,337,3075
Republic of Ireland,0,0,Norway,0,0,337,3077
Brazil,1,1,Sweden,0,1,337,3080
Italy,1,1,Mexico,0,0,337,3078
Russia,6,1,Cameroon,3,0,337,3079
Morocco,1,2,Netherlands,0,1,337,3081
Belgium,0,1,Saudi Arabia,0,1,337,3082
Greece,0,2,Nigeria,0,1,337,3083
Argentina,0,2,Bulgaria,0,0,337,3084
Germany,3,2,Belgium,3,1,338,3085
Spain,3,0,Switzerland,1,0,338,3086
Saudi Arabia,1,3,Sweden,0,1,338,3087
Romania,3,2,Argentina,2,1,338,3088
Netherlands,2,0,Republic of Ireland,2,0,338,3089
Brazil,1,0,USA,0,0,338,3090
Nigeria,1,2,Italy,0,0,338,3091
Mexico,1,1,Bulgaria,0,0,338,3092
Italy,2,1,Spain,1,0,796,3097
Netherlands,2,3,Brazil,0,0,796,3098
Bulgaria,2,1,Germany,0,0,796,3096
Romania,2,2,Sweden,0,0,796,3095
Bulgaria,1,2,Italy,1,2,3461,3100
Sweden,0,1,Brazil,0,0,3461,3099
Sweden,4,0,Bulgaria,4,0,3460,3103
Brazil,0,0,Italy,0,0,3459,3104
Brazil,2,1,Scotland,1,1,1014,4000
Morocco,2,2,Norway,1,1,1014,8725
Italy,2,2,Chile,1,1,1014,8726
Cameroon,1,1,Austria,0,0,1014,8727
Paraguay,0,0,Bulgaria,0,0,1014,8728
Saudi Arabia,0,1,Denmark,0,0,1014,8729
France,3,0,South Africa,1,0,1014,8730
Spain,2,3,Nigeria,1,1,1014,8731
Korea Republic,1,3,Mexico,1,0,1014,8732
Netherlands,0,0,Belgium,0,0,1014,8733
Argentina,1,0,Japan,1,0,1014,8734
Yugoslavia,1,0,Iran,0,0,1014,8735
Jamaica,1,3,Croatia,1,1,1014,8736
England,2,0,Tunisia,1,0,1014,8740
Romania,1,0,Colombia,1,0,1014,8739
Germany,2,0,USA,1,0,1014,8738
Scotland,1,1,Norway,0,0,1014,8741
Brazil,3,0,Morocco,2,0,1014,8742
Chile,1,1,Austria,0,0,1014,8743
Italy,3,0,Cameroon,1,0,1014,8744
South Africa,1,1,Denmark,0,1,1014,8746
France,4,0,Saudi Arabia,1,0,1014,8745
Nigeria,1,0,Bulgaria,1,0,1014,8747
Spain,0,0,Paraguay,0,0,1014,8748
Japan,0,1,Croatia,0,0,1014,8751
Belgium,2,2,Mexico,1,0,1014,8750
Netherlands,5,0,Korea Republic,2,0,1014,8749
Germany,2,2,Yugoslavia,0,1,1014,8753
Argentina,5,0,Jamaica,1,0,1014,8752
USA,1,2,Iran,0,1,1014,8754
Colombia,1,0,Tunisia,0,0,1014,8755
Romania,2,1,England,0,0,1014,8756
Italy,2,1,Austria,0,0,1014,8757
Chile,1,1,Cameroon,1,0,1014,8760
Scotland,0,3,Morocco,0,1,1014,8758
Brazil,1,2,Norway,0,0,1014,8759
France,2,1,Denmark,1,1,1014,8762
South Africa,2,2,Saudi Arabia,1,1,1014,8764
Spain,6,1,Bulgaria,2,0,1014,8761
Nigeria,1,3,Paraguay,1,1,1014,8763
Belgium,1,1,Korea Republic,1,0,1014,8765
Netherlands,2,2,Mexico,2,0,1014,8766
Germany,2,0,Iran,0,0,1014,8767
USA,0,1,Yugoslavia,0,1,1014,8768
Japan,1,2,Jamaica,0,1,1014,8771
Argentina,1,0,Croatia,1,0,1014,8772
Romania,1,1,Tunisia,0,1,1014,8769
Colombia,0,2,England,0,2,1014,8770
Italy,1,0,Norway,1,0,1024,8774
Brazil,4,1,Chile,3,0,1024,8773
France,1,0,Paraguay,0,0,1024,8776
Nigeria,1,4,Denmark,0,2,1024,8775
Germany,2,1,Mexico,0,0,1024,8777
Netherlands,2,1,Yugoslavia,1,0,1024,8778
Romania,0,1,Croatia,0,1,1024,8780
Argentina,2,2,England,0,0,1024,8779
Italy,0,0,France,0,0,1025,8781
Brazil,3,2,Denmark,2,1,1025,8782
Netherlands,2,1,Argentina,1,1,1025,8784
Germany,0,3,Croatia,0,1,1025,8783
Brazil,1,1,Netherlands,0,0,1026,8785
France,2,1,Croatia,0,0,1026,8786
Netherlands,1,2,Croatia,1,2,1028,8787
Brazil,0,3,France,0,2,1027,8788
France,0,1,Senegal,0,1,43950100,43950001
Uruguay,1,2,Denmark,0,1,43950100,43950003
Republic of Ireland,1,1,Cameroon,0,1,43950100,43950002
Germany,8,0,Saudi Arabia,4,0,43950100,43950004
Argentina,1,0,Nigeria,0,0,43950100,43950007
Paraguay,2,2,South Africa,1,0,43950100,43950006
England,1,1,Sweden,1,0,43950100,43950005
Spain,3,1,Slovenia,1,0,43950100,43950008
Brazil,2,1,Turkey,0,1,43950100,43950010
Italy,2,0,Ecuador,2,0,43950100,43950011
Croatia,0,1,Mexico,0,0,43950100,43950009
China PR,0,2,Costa Rica,0,0,43950100,43950012
Japan,2,2,Belgium,0,0,43950100,43950013
Korea Republic,2,0,Poland,1,0,43950100,43950014
Russia,2,0,Tunisia,0,0,43950100,43950015
USA,3,2,Portugal,3,1,43950100,43950016
Germany,1,1,Republic of Ireland,1,0,43950100,43950017
Denmark,1,1,Senegal,1,0,43950100,43950020
Cameroon,1,0,Saudi Arabia,0,0,43950100,43950019
France,0,0,Uruguay,0,0,43950100,43950018
Sweden,2,1,Nigeria,1,1,43950100,43950021
Argentina,0,1,England,0,1,43950100,43950023
Spain,3,1,Paraguay,0,1,43950100,43950022
South Africa,1,0,Slovenia,1,0,43950100,43950024
Brazil,4,0,China PR,3,0,43950100,43950026
Italy,1,2,Croatia,0,0,43950100,43950025
Costa Rica,1,1,Turkey,0,0,43950100,43950028
Japan,1,0,Russia,0,0,43950100,43950029
Mexico,2,1,Ecuador,1,1,43950100,43950027
Korea Republic,1,1,USA,0,1,43950100,43950030
Portugal,4,0,Poland,1,0,43950100,43950032
Tunisia,1,1,Belgium,1,1,43950100,43950031
Denmark,2,0,France,1,0,43950100,43950033
Senegal,3,3,Uruguay,3,0,43950100,43950034
Saudi Arabia,0,3,Republic of Ireland,0,1,43950100,43950036
Cameroon,0,2,Germany,0,0,43950100,43950035
Sweden,1,1,Argentina,0,0,43950100,43950037
Nigeria,0,0,England,0,0,43950100,43950038
Slovenia,1,3,Paraguay,1,0,43950100,43950040
South Africa,2,3,Spain,1,2,43950100,43950039
Costa Rica,2,5,Brazil,1,3,43950100,43950041
Turkey,3,0,China PR,2,0,43950100,43950042
Ecuador,1,0,Croatia,0,0,43950100,43950044
Mexico,1,1,Italy,1,0,43950100,43950043
Tunisia,0,2,Japan,0,0,43950100,43950045
Portugal,0,1,Korea Republic,0,0,43950100,43950047
Poland,3,1,USA,2,0,43950100,43950048
Belgium,3,2,Russia,1,0,43950100,43950046
Denmark,0,3,England,0,3,43950200,43950050
Germany,1,0,Paraguay,0,0,43950200,43950049
Spain,1,1,Republic of Ireland,0,0,43950200,43950052
Sweden,1,2,Senegal,0,0,43950200,43950051
Brazil,2,0,Belgium,0,0,43950200,43950054
Mexico,0,2,USA,0,1,43950200,43950053
Japan,0,1,Turkey,0,1,43950200,43950055
Korea Republic,2,1,Italy,0,0,43950200,43950056
England,1,2,Brazil,1,1,43950300,43950057
Germany,1,0,USA,1,0,43950300,43950058
Senegal,0,1,Turkey,0,0,43950300,43950060
Spain,0,0,Korea Republic,0,0,43950300,43950059
Germany,1,0,Korea Republic,0,0,43950400,43950061
Brazil,1,0,Turkey,0,0,43950400,43950062
Korea Republic,2,3,Turkey,1,3,43950500,43950063
Germany,0,2,Brazil,0,0,43950600,43950064
Germany,4,2,Costa Rica,2,1,97410100,97410001
Poland,0,2,Ecuador,0,1,97410100,97410002
England,1,0,Paraguay,1,0,97410100,97410003
Trinidad and Tobago,0,0,Sweden,0,0,97410100,97410004
Argentina,2,1,Cate d'Ivoire,2,0,97410100,97410005
Serbia and Montenegro,0,1,Netherlands,0,1,97410100,97410006
Mexico,3,1,Iran,1,1,97410100,97410007
Angola,0,1,Portugal,0,1,97410100,97410008
Australia,3,1,Japan,0,1,97410100,97410012
USA,0,3,Czech Republic,0,2,97410100,97410010
Italy,2,0,Ghana,1,0,97410100,97410009
Korea Republic,2,1,Togo,0,1,97410100,97410014
France,0,0,Switzerland,0,0,97410100,97410013
Brazil,1,0,Croatia,1,0,97410100,97410011
Spain,4,0,Ukraine,2,0,97410100,97410015
Tunisia,2,2,Saudi Arabia,1,0,97410100,97410016
Germany,1,0,Poland,0,0,97410100,97410017
Ecuador,3,0,Costa Rica,1,0,97410100,97410018
England,2,0,Trinidad and Tobago,0,0,97410100,97410019
Sweden,1,0,Paraguay,0,0,97410100,97410020
Argentina,6,0,Serbia and Montenegro,3,0,97410100,97410021
Netherlands,2,1,Cate d'Ivoire,2,1,97410100,97410022
Mexico,0,0,Angola,0,0,97410100,97410023
Portugal,2,0,IR Iran,0,0,97410100,97410024
Czech Republic,0,2,Ghana,0,1,97410100,97410026
Italy,1,1,USA,1,1,97410100,97410025
Japan,0,0,Croatia,0,0,97410100,97410028
Brazil,2,0,Australia,0,0,97410100,97410027
France,1,1,Korea Republic,1,0,97410100,97410029
Togo,0,2,Switzerland,0,1,97410100,97410030
Saudi Arabia,0,4,Ukraine,0,2,97410100,97410032
Spain,3,1,Tunisia,0,1,97410100,97410031
Ecuador,0,3,Germany,0,2,97410100,97410033
Costa Rica,1,2,Poland,1,1,97410100,97410034
Sweden,2,2,England,0,1,97410100,97410035
Paraguay,2,0,Trinidad and Tobago,1,0,97410100,97410036
Iran,1,1,Angola,0,0,97410100,97410040
Portugal,2,1,Mexico,2,1,97410100,97410039
Netherlands,0,0,Argentina,0,0,97410100,97410037
Cate d'Ivoire,3,2,Serbia and Montenegro,1,2,97410100,97410038
Czech Republic,0,2,Italy,0,1,97410100,97410041
Ghana,2,1,USA,2,1,97410100,97410042
Japan,1,4,Brazil,1,1,97410100,97410043
Croatia,2,2,Australia,1,1,97410100,97410044
Ukraine,1,0,Tunisia,0,0,97410100,97410048
Saudi Arabia,0,1,Spain,0,1,97410100,97410047
Togo,0,2,France,0,0,97410100,97410045
Switzerland,2,0,Korea Republic,1,0,97410100,97410046
Germany,2,0,Sweden,2,0,97410200,97410049
Argentina,2,1,Mexico,0,0,97410200,97410050
England,1,0,Ecuador,0,0,97410200,97410051
Portugal,1,0,Netherlands,1,0,97410200,97410052
Italy,1,0,Australia,0,0,97410200,97410053
Switzerland,0,0,Ukraine,0,0,97410200,97410054
Brazil,3,0,Ghana,2,0,97410200,97410055
Spain,1,3,France,1,1,97410200,97410056
Germany,1,1,Argentina,0,0,97410300,97410057
Italy,3,0,Ukraine,1,0,97410300,97410058
England,0,0,Portugal,0,0,97410300,97410059
Brazil,0,1,France,0,0,97410300,97410060
Germany,0,2,Italy,0,0,97410400,97410061
Portugal,0,1,France,0,1,97410400,97410062
Germany,3,1,Portugal,0,0,97410500,97410063
Italy,1,1,France,0,0,97410600,97410064
South Africa,1,1,Mexico,0,0,249722,300061454
Uruguay,0,0,France,0,0,249722,300061453
Korea Republic,2,0,Greece,1,0,249722,300061459
Argentina,1,0,Nigeria,1,0,249722,300061460
England,1,1,USA,1,1,249722,300061466
Algeria,0,1,Slovenia,0,0,249722,300061465
Serbia,0,1,Ghana,0,0,249722,300061471
Germany,4,0,Australia,2,0,249722,300111116
Netherlands,2,0,Denmark,0,0,249722,300061478
Japan,1,0,Cameroon,1,0,249722,300061477
Italy,1,1,Paraguay,0,1,249722,300061484
New Zealand,1,1,Slovakia,0,0,249722,300061483
Cate d'Ivoire,0,0,Portugal,0,0,249722,300061489
Brazil,2,1,Korea DPR,0,0,249722,300061490
Honduras,0,1,Chile,0,1,249722,300061495
Spain,0,1,Switzerland,0,0,249722,300111112
South Africa,0,3,Uruguay,0,1,249722,300061452
Argentina,4,1,Korea Republic,2,1,249722,300061458
Greece,2,1,Nigeria,1,1,249722,300061457
France,0,2,Mexico,0,0,249722,300061451
Germany,0,1,Serbia,0,1,249722,300061470
Slovenia,2,2,USA,2,0,249722,300061463
England,0,0,Algeria,0,0,249722,300061464
Netherlands,1,0,Japan,0,0,249722,300111117
Ghana,1,1,Australia,1,1,249722,300061469
Cameroon,1,2,Denmark,1,1,249722,300061475
Slovakia,0,2,Paraguay,0,1,249722,300061481
Italy,1,1,New Zealand,1,1,249722,300061482
Brazil,3,1,Cate d'Ivoire,1,0,249722,300061488
Portugal,7,0,Korea DPR,1,0,249722,300061487
Chile,1,0,Switzerland,0,0,249722,300061493
Spain,2,0,Honduras,1,0,249722,300061494
Mexico,0,1,Uruguay,0,1,249722,300061450
France,1,2,South Africa,0,2,249722,300061449
Nigeria,2,2,Korea Republic,1,1,249722,300111115
Greece,0,2,Argentina,0,0,249722,300061455
Slovenia,0,1,England,0,1,249722,300061462
USA,1,0,Algeria,0,0,249722,300061461
Ghana,0,1,Germany,0,0,249722,300061468
Australia,2,1,Serbia,0,0,249722,300061467
Slovakia,3,2,Italy,1,0,249722,300061480
Paraguay,0,0,New Zealand,0,0,249722,300061479
Denmark,1,3,Japan,0,2,249722,300061474
Cameroon,1,2,Netherlands,0,1,249722,300061473
Portugal,0,0,Brazil,0,0,249722,300111111
Korea DPR,0,3,Cate d'Ivoire,0,2,249722,300061486
Chile,1,2,Spain,0,2,249722,300061491
Switzerland,0,0,Honduras,0,0,249722,300061492
Uruguay,2,1,Korea Republic,1,0,249717,300061504
USA,1,2,Ghana,0,0,249717,300061503
Germany,4,1,England,2,1,249717,300061501
Argentina,3,1,Mexico,2,0,249717,300061502
Netherlands,2,1,Slovakia,1,0,249717,300111113
Brazil,3,0,Chile,2,0,249717,300061500
Paraguay,0,0,Japan,0,0,249717,300061497
Spain,1,0,Portugal,0,0,249717,300061498
Netherlands,2,1,Brazil,0,1,249718,300061507
Uruguay,1,1,Ghana,0,0,249718,300061508
Argentina,0,4,Germany,0,1,249718,300061505
Paraguay,0,1,Spain,0,0,249718,300061506
Uruguay,2,3,Netherlands,1,1,249719,300061512
Germany,0,1,Spain,0,0,249719,300111114
Uruguay,2,3,Germany,1,1,249720,300061510
Netherlands,0,1,Spain,0,0,249721,300061509
Brazil,3,1,Croatia,1,1,255931,300186456
Mexico,1,0,Cameroon,0,0,255931,300186492
Spain,1,5,Netherlands,1,1,255931,300186510
Chile,3,1,Australia,2,1,255931,300186473
Colombia,3,0,Greece,1,0,255931,300186471
Uruguay,1,3,Costa Rica,1,0,255931,300186489
England,1,2,Italy,1,1,255931,300186513
Cate d'Ivoire,2,1,Japan,0,1,255931,300186507
Switzerland,2,1,Ecuador,0,1,255931,300186494
France,3,0,Honduras,1,0,255931,300186496
Argentina,2,1,Bosnia and Herzegovina,1,0,255931,300186477
Germany,4,0,Portugal,3,0,255931,300186475
IR Iran,0,0,Nigeria,0,0,255931,300186505
Ghana,1,2,USA,0,1,255931,300186512
Belgium,2,1,Algeria,0,1,255931,300186479
Brazil,0,0,Mexico,0,0,255931,300186509
Russia,1,1,Korea Republic,0,0,255931,300186499
Australia,2,3,Netherlands,1,1,255931,300186478
Spain,0,2,Chile,0,2,255931,300186498
Cameroon,0,4,Croatia,0,1,255931,300186453
Colombia,2,1,Cate d'Ivoire,0,0,255931,300186468
Uruguay,2,1,England,1,0,255931,300186486
Japan,0,0,Greece,0,0,255931,300186454
Italy,0,1,Costa Rica,0,1,255931,300186500
Switzerland,2,5,France,0,3,255931,300186514
Honduras,1,2,Ecuador,1,1,255931,300186463
Argentina,1,0,IR Iran,0,0,255931,300186466
Germany,2,2,Ghana,0,0,255931,300186493
Nigeria,1,0,Bosnia and Herzegovina,1,0,255931,300186511
Belgium,1,0,Russia,0,0,255931,300186481
Korea Republic,2,4,Algeria,0,3,255931,300186495
USA,2,2,Portugal,0,1,255931,300186483
Australia,0,3,Spain,0,1,255931,300186467
Netherlands,2,0,Chile,0,0,255931,300186470
Cameroon,1,4,Brazil,1,2,255931,300186472
Croatia,1,3,Mexico,0,0,255931,300186452
Italy,0,1,Uruguay,0,0,255931,300186465
Costa Rica,0,0,England,0,0,255931,300186484
Japan,1,4,Colombia,1,1,255931,300186457
Greece,2,1,Cate d'Ivoire,1,0,255931,300186455
Nigeria,2,3,Argentina,1,2,255931,300186458
Bosnia and Herzegovina,3,1,IR Iran,1,0,255931,300186464
Honduras,0,3,Switzerland,0,2,255931,300186482
Ecuador,0,0,France,0,0,255931,300186515
USA,0,1,Germany,0,0,255931,300186469
Portugal,2,1,Ghana,1,0,255931,300186476
Korea Republic,0,1,Belgium,0,0,255931,300186480
Algeria,1,1,Russia,0,1,255931,300186506
Brazil,1,1,Chile,0,0,255951,300186487
Colombia,2,0,Uruguay,1,0,255951,300186491
France,2,0,Nigeria,0,0,255951,300186462
Germany,2,1,Algeria,0,0,255951,300186460
Brazil,2,1,Colombia,1,0,255953,300186461
France,0,1,Germany,0,1,255953,300186485
Brazil,1,7,Germany,0,5,255955,300186474
Brazil,0,3,Netherlands,0,2,255957,300186502
Germany,1,0,Argentina,0,0,255959,300186501
Netherlands,0,0,Argentina,0,0,255955,300186490
Netherlands,0,0,Costa Rica,0,0,255953,300186488
Argentina,1,0,Belgium,1,0,255953,300186504
Netherlands,2,1,Mexico,0,0,255951,300186508
Costa Rica,1,1,Greece,0,0,255951,300186459
Argentina,1,0,Switzerland,0,0,255951,300186503
Belgium,2,1,USA,0,0,255951,300186497
Brazil,1,1,Chile,0,0,255951,300186487
Colombia,2,0,Uruguay,1,0,255951,300186491
Netherlands,2,1,Mexico,0,0,255951,300186508
Costa Rica,1,1,Greece,0,0,255951,300186459
France,2,0,Nigeria,0,0,255951,300186462
Germany,2,1,Algeria,0,0,255951,300186460
Argentina,1,0,Switzerland,0,0,255951,300186503
Belgium,2,1,USA,0,0,255951,300186497
France,0,1,Germany,0,1,255953,300186485
Brazil,2,1,Colombia,1,0,255953,300186461
Argentina,1,0,Belgium,1,0,255953,300186504
Netherlands,0,0,Costa Rica,0,0,255953,300186488
Brazil,1,7,Germany,0,5,255955,300186474
Netherlands,0,0,Argentina,0,0,255955,300186490
Brazil,0,3,Netherlands,0,2,255957,300186502
Germany,1,0,Argentina,0,0,255959,300186501
Mexico,1,4,France,0,3,201,1096
Belgium,0,3,USA,0,2,201,1090
Brazil,1,2,Yugoslavia,0,2,201,1093
Peru,1,3,Romania,0,1,201,1098
France,0,1,Argentina,0,0,201,1085
Mexico,0,3,Chile,0,1,201,1095
Bolivia,0,4,Yugoslavia,0,0,201,1092
Paraguay,0,3,USA,0,2,201,1097
Peru,0,1,Uruguay,0,0,201,1099
France,0,1,Chile,0,0,201,1094
Mexico,3,6,Argentina,1,3,201,1086
Bolivia,0,4,Brazil,0,1,201,1091
Belgium,0,1,Paraguay,0,1,201,1089
Romania,0,4,Uruguay,0,4,201,1100
Chile,1,3,Argentina,1,2,201,1084
USA,1,6,Argentina,0,1,202,1088
Yugoslavia,1,6,Uruguay,1,3,202,1101
Argentina,2,4,Uruguay,2,1,405,1087
France,2,3,Austria,0,0,204,1104
Egypt,2,4,Hungary,2,2,204,1119
Netherlands,2,3,Switzerland,1,2,204,1133
Argentina,2,3,Sweden,1,1,204,1102
Belgium,2,5,Germany,2,1,204,1108
Brazil,1,3,Spain,0,3,204,1111
USA,1,7,Italy,0,3,204,1135
Romania,1,2,Czechoslovakia,1,0,204,1141
Switzerland,2,3,Czechoslovakia,1,1,418,1143
Sweden,1,2,Germany,0,0,418,1129
Spain,1,1,Italy,0,0,418,1122
Hungary,1,2,Austria,0,1,418,1106
Spain,0,1,Italy,0,1,418,1123
Austria,0,1,Italy,0,1,3492,1107
Germany,1,3,Czechoslovakia,0,1,3492,1130
Austria,2,3,Germany,1,3,3491,1105
Czechoslovakia,1,2,Italy,0,0,3490,1134
Germany,1,1,Switzerland,0,0,206,1165
Dutch East Indies,0,6,Hungary,0,4,206,1173
Belgium,1,3,France,1,2,206,1146
Romania,3,3,Cuba,0,0,206,1156
Norway,1,2,Italy,0,0,206,1179
Poland,5,6,Brazil,0,0,206,1150
Netherlands,0,3,Czechoslovakia,0,0,206,1172
Romania,1,2,Cuba,1,0,206,1157
Germany,2,4,Switzerland,2,1,206,1166
Czechoslovakia,1,1,Brazil,0,0,429,1152
Switzerland,0,2,Hungary,0,1,429,1175
Cuba,0,8,Sweden,0,4,429,1158
France,1,3,Italy,1,1,429,1164
Czechoslovakia,1,2,Brazil,1,0,429,1153
Sweden,1,5,Hungary,1,3,3489,1176
Brazil,1,2,Italy,0,0,3489,1149
Sweden,2,4,Brazil,2,1,3488,1151
Hungary,2,4,Italy,1,3,3487,1174
Mexico,0,4,Brazil,0,1,208,1187
Chile,0,2,England,0,1,208,1192
USA,1,3,Spain,1,0,208,1208
Italy,2,3,Sweden,1,2,208,1219
Switzerland,0,3,Yugoslavia,0,0,208,1230
Switzerland,2,2,Brazil,1,2,208,1188
Mexico,1,4,Yugoslavia,0,2,208,1225
Chile,0,2,Spain,0,2,208,1193
Paraguay,2,2,Sweden,1,2,208,1228
England,0,1,USA,0,1,208,1202
Yugoslavia,0,2,Brazil,0,1,208,1191
England,0,1,Spain,0,0,208,1199
Paraguay,0,2,Italy,0,1,208,1218
Bolivia,0,8,Uruguay,0,4,208,1185
Mexico,1,2,Switzerland,0,2,208,1222
USA,2,5,Chile,0,2,208,1194
Spain,2,2,Uruguay,2,1,209,1207
Sweden,1,7,Brazil,0,3,209,1189
Spain,1,6,Brazil,0,3,209,1186
Sweden,2,3,Uruguay,2,1,209,1231
Spain,1,3,Sweden,0,2,209,1206
Brazil,1,2,Uruguay,0,0,209,1190
Czechoslovakia,0,2,Uruguay,0,0,211,1315
Scotland,0,1,Austria,0,1,211,1236
Mexico,0,5,Brazil,0,4,211,1249
France,0,1,Yugoslavia,0,1,211,1276
Turkey,1,4,Germany FR,1,1,211,1283
Korea Republic,0,9,Hungary,0,4,211,1294
Belgium,4,4,England,0,0,211,1240
Italy,1,2,Switzerland,1,1,211,1300
Scotland,0,7,Uruguay,0,2,211,1313
Czechoslovakia,0,5,Austria,0,4,211,1238
Mexico,2,3,France,0,1,211,1275
Yugoslavia,1,1,Brazil,0,0,211,1252
Germany FR,3,8,Hungary,1,3,211,1277
Korea Republic,0,7,Turkey,0,4,211,1304
Switzerland,0,2,England,0,1,211,1263
Belgium,1,4,Italy,0,1,211,1243
Turkey,2,7,Germany FR,1,3,211,1284
Italy,1,4,Switzerland,0,1,211,1301
England,2,4,Uruguay,1,2,212,1264
Switzerland,5,7,Austria,4,5,212,1237
Yugoslavia,0,2,Germany FR,0,1,212,1285
Brazil,2,4,Hungary,1,2,212,1248
Austria,1,6,Germany FR,0,1,462,1233
Uruguay,2,4,Hungary,0,0,462,1295
Uruguay,1,3,Austria,1,1,3485,1239
Hungary,2,3,Germany FR,2,2,3484,1278
Mexico,0,3,Sweden,0,1,220,1415
England,2,2,Soviet Union,0,1,220,1372
Germany FR,3,1,Argentina,2,1,220,1323
Wales,1,1,Hungary,1,1,220,1407
Paraguay,3,7,France,2,2,220,1386
Scotland,1,1,Yugoslavia,0,1,220,1434
Austria,0,3,Brazil,0,1,220,1326
Czechoslovakia,0,1,Northern Ireland,0,1,220,1421
England,0,0,Brazil,0,0,220,1339
Wales,1,1,Mexico,1,0,220,1418
Scotland,2,3,Paraguay,1,2,220,1423
France,2,3,Yugoslavia,1,1,220,1388
Austria,0,2,Soviet Union,0,1,220,1332
Czechoslovakia,2,2,Germany FR,2,0,220,1391
Northern Ireland,1,3,Argentina,1,1,220,1324
Hungary,1,2,Sweden,0,1,220,1406
Wales,0,0,Sweden,0,0,220,1438
Soviet Union,0,2,Brazil,0,1,220,1344
Northern Ireland,2,2,Germany FR,1,1,220,1389
Mexico,0,4,Hungary,0,1,220,1403
Yugoslavia,3,3,Paraguay,2,1,220,1426
Scotland,1,2,France,0,2,220,1387
Austria,2,2,England,1,0,220,1327
Argentina,1,6,Czechoslovakia,0,3,220,1325
England,0,1,Soviet Union,0,0,220,1373
Czechoslovakia,1,2,Northern Ireland,0,0,220,1422
Hungary,1,2,Wales,1,0,220,1408
Wales,0,1,Brazil,0,0,221,1345
Yugoslavia,0,1,Germany FR,0,1,221,1392
Soviet Union,0,2,Sweden,0,0,221,1437
Northern Ireland,0,4,France,0,1,221,1385
Germany FR,1,3,Sweden,1,1,488,1390
France,2,5,Brazil,1,2,488,1340
Germany FR,3,6,France,1,3,3483,1382
Sweden,2,5,Brazil,1,2,3482,1343
Colombia,1,2,Uruguay,1,0,231,1479
Mexico,0,2,Brazil,0,0,231,1461
Bulgaria,0,1,Argentina,0,1,231,1447
Switzerland,1,3,Chile,1,1,231,1473
Yugoslavia,0,2,Soviet Union,0,0,231,1563
Spain,0,1,Czechoslovakia,0,0,231,1498
England,1,2,Hungary,0,1,231,1490
Italy,0,0,Germany FR,0,0,231,1507
Uruguay,1,3,Yugoslavia,1,2,231,1564
Czechoslovakia,0,0,Brazil,0,0,231,1462
Argentina,1,3,England,0,2,231,1450
Italy,0,2,Chile,0,0,231,1472
Colombia,4,4,Soviet Union,1,3,231,1478
Mexico,0,1,Spain,0,0,231,1497
Bulgaria,1,6,Hungary,0,4,231,1470
Switzerland,1,2,Germany FR,0,1,231,1510
Uruguay,1,2,Soviet Union,0,1,231,1562
Spain,1,2,Brazil,1,0,231,1460
Argentina,0,0,Hungary,0,0,231,1451
Chile,0,2,Germany FR,0,1,231,1471
Colombia,0,5,Yugoslavia,0,2,231,1480
Czechoslovakia,1,3,Mexico,1,2,231,1544
Bulgaria,0,0,England,0,0,231,1464
Switzerland,0,3,Italy,0,1,231,1532
Soviet Union,1,2,Chile,1,2,232,1474
England,1,3,Brazil,1,1,232,1459
Hungary,0,1,Czechoslovakia,0,1,232,1525
Germany FR,0,1,Yugoslavia,0,0,232,1511
Yugoslavia,1,3,Czechoslovakia,0,0,514,1559
Chile,2,4,Brazil,1,2,514,1458
Yugoslavia,0,1,Chile,0,0,3481,1475
Czechoslovakia,1,3,Brazil,1,1,3480,1463
Uruguay,0,0,England,0,0,238,1636
Switzerland,0,5,Germany FR,0,3,238,1656
Bulgaria,0,2,Brazil,0,1,238,1596
Korea DPR,0,3,Soviet Union,0,2,238,1710
Mexico,1,1,France,0,0,238,1650
Hungary,1,3,Portugal,0,1,238,1675
Spain,1,2,Argentina,0,0,238,1578
Chile,0,2,Italy,0,1,238,1608
France,1,2,Uruguay,1,2,238,1653
Switzerland,1,2,Spain,1,0,238,1641
Brazil,1,3,Hungary,1,1,238,1597
Chile,1,1,Korea DPR,1,0,238,1609
Bulgaria,0,3,Portugal,0,2,238,1602
Argentina,0,0,Germany FR,0,0,238,1579
Italy,0,1,Soviet Union,0,0,238,1682
Mexico,0,2,England,0,1,238,1634
Mexico,0,0,Uruguay,0,0,238,1689
Switzerland,0,2,Argentina,0,0,238,1582
Brazil,1,3,Portugal,0,2,238,1598
Italy,0,1,Korea DPR,0,1,238,1679
France,0,2,England,0,1,238,1632
Bulgaria,1,3,Hungary,1,2,238,1599
Spain,1,2,Germany FR,1,1,238,1637
Chile,1,2,Soviet Union,1,1,238,1610
Argentina,0,1,England,0,0,239,1577
Uruguay,0,4,Germany FR,0,1,239,1660
Hungary,1,2,Soviet Union,0,1,239,1676
Korea DPR,3,5,Portugal,3,2,239,1702
Soviet Union,1,2,Germany FR,0,1,536,1659
Portugal,1,2,England,0,1,536,1635
Soviet Union,1,2,Portugal,1,1,3479,1709
Germany FR,2,4,England,0,0,3478,1633
Soviet Union,0,0,Mexico,0,0,250,1902
Israel,0,2,Uruguay,0,1,250,1881
Bulgaria,2,3,Peru,1,0,250,1780
Romania,0,1,England,0,0,250,1812
Sweden,0,1,Italy,0,1,250,1883
Morocco,1,2,Germany FR,1,0,250,1839
Czechoslovakia,1,4,Brazil,1,1,250,1770
El Salvador,0,3,Belgium,0,1,250,1747
Italy,0,0,Uruguay,0,0,250,1884
Morocco,0,3,Peru,0,0,250,1893
Czechoslovakia,1,2,Romania,1,0,250,1919
Belgium,1,4,Soviet Union,0,1,250,1753
Israel,1,1,Sweden,0,0,250,1880
Bulgaria,2,5,Germany FR,1,2,250,1774
England,0,1,Brazil,0,0,250,1764
El Salvador,0,4,Mexico,0,1,250,1820
Uruguay,0,1,Sweden,0,0,250,1922
Peru,1,3,Germany FR,1,3,250,1840
Romania,2,3,Brazil,1,2,250,1769
El Salvador,0,2,Soviet Union,0,0,250,1823
Israel,0,0,Italy,0,0,250,1877
Morocco,1,1,Bulgaria,0,1,250,1779
Czechoslovakia,0,1,England,0,0,250,1813
Belgium,0,1,Mexico,0,1,250,1752
Mexico,1,4,Italy,1,1,251,1882
England,2,3,Germany FR,0,0,251,1811
Peru,2,4,Brazil,1,2,251,1768
Soviet Union,0,1,Uruguay,0,0,251,1925
Uruguay,1,3,Brazil,1,1,569,1771
Germany FR,3,4,Italy,0,0,569,1838
Uruguay,0,1,Germany FR,0,1,3477,1843
Italy,1,4,Brazil,1,1,3476,1765
Yugoslavia,0,0,Brazil,0,0,262,1986
Chile,0,1,Germany FR,0,1,262,2003
Australia,0,2,German DR,0,0,262,1955
Scotland,2,0,Zaire,2,0,262,2176
Netherlands,2,0,Uruguay,1,0,262,2098
Bulgaria,0,0,Sweden,0,0,262,1995
Haiti,1,3,Italy,0,0,262,2083
Argentina,2,3,Poland,0,2,262,1952
Germany FR,3,0,Australia,2,0,262,1954
Brazil,0,0,Scotland,0,0,262,1985
German DR,1,1,Chile,0,0,262,2004
Zaire,0,9,Yugoslavia,0,6,262,2186
Sweden,0,0,Netherlands,0,0,262,2097
Uruguay,1,1,Bulgaria,0,0,262,1996
Poland,7,0,Haiti,5,0,262,2085
Italy,1,1,Argentina,1,1,262,1949
Yugoslavia,1,1,Scotland,0,0,262,2175
Chile,0,0,Australia,0,0,262,1953
Brazil,3,0,Zaire,1,0,262,1987
Germany FR,0,1,German DR,0,0,262,2062
Netherlands,4,1,Bulgaria,2,0,262,1990
Haiti,1,4,Argentina,0,2,262,1947
Uruguay,0,3,Sweden,0,0,262,2181
Italy,1,2,Poland,0,2,262,2129
Germany FR,2,0,Yugoslavia,1,0,263,2066
German DR,0,1,Brazil,0,0,263,1982
Argentina,0,4,Netherlands,0,2,263,1948
Poland,1,0,Sweden,1,0,263,2167
Brazil,2,1,Argentina,1,1,263,1945
Yugoslavia,1,2,Poland,1,1,263,2170
Netherlands,2,0,German DR,1,0,263,2067
Sweden,2,4,Germany FR,1,0,263,2065
Germany FR,1,0,Poland,0,0,263,2064
Brazil,0,2,Netherlands,0,0,263,1983
German DR,1,1,Argentina,1,1,263,1946
Yugoslavia,1,2,Sweden,1,1,263,2182
Poland,1,0,Brazil,0,0,264,1984
Germany FR,2,1,Netherlands,2,1,605,2063
Poland,0,0,Germany FR,0,0,278,2351
France,1,2,Italy,1,1,278,2347
Mexico,1,3,Tunisia,1,0,278,2433
Hungary,1,2,Argentina,1,1,278,2199
Brazil,1,1,Sweden,1,1,278,2253
Spain,1,2,Austria,1,1,278,2216
Scotland,1,3,Peru,1,1,278,2451
IR Iran,0,3,Netherlands,0,1,278,2388
Hungary,1,3,Italy,0,2,278,2396
Tunisia,0,1,Poland,0,1,278,2454
Mexico,0,6,Germany FR,0,4,278,2350
France,1,2,Argentina,0,1,278,2197
Spain,0,0,Brazil,0,0,278,2246
Sweden,0,1,Austria,0,1,278,2224
IR Iran,1,1,Scotland,0,1,278,2408
Peru,0,0,Netherlands,0,0,278,2394
Hungary,1,3,France,1,3,278,2344
Mexico,1,3,Poland,0,1,278,2431
Tunisia,0,0,Germany FR,0,0,278,2352
Argentina,0,1,Italy,0,0,278,2200
Austria,0,1,Brazil,0,1,278,2215
Sweden,0,1,Spain,0,0,278,2337
Iran,1,4,Peru,1,3,278,2405
Netherlands,2,3,Scotland,1,1,278,2395
Italy,0,0,Germany FR,0,0,279,2349
Austria,1,5,Netherlands,0,3,279,2220
Peru,0,3,Brazil,0,2,279,2251
Poland,0,2,Argentina,0,1,279,2202
Peru,0,1,Poland,0,0,279,2450
Austria,0,1,Italy,0,1,279,2221
Netherlands,2,2,Germany FR,1,1,279,2348
Brazil,0,0,Argentina,0,0,279,2196
Italy,1,2,Netherlands,1,0,279,2391
Germany FR,2,3,Austria,1,0,279,2217
Poland,1,3,Brazil,1,1,279,2252
Peru,0,6,Argentina,0,2,279,2201
Italy,1,2,Brazil,1,0,280,2247
Netherlands,1,3,Argentina,0,0,639,2198
Belgium,1,0,Argentina,0,0,293,749
Poland,0,0,Italy,0,0,293,995
Soviet Union,1,2,Brazil,1,0,293,791
Cameroon,0,0,Peru,0,0,293,833
El Salvador,1,10,Hungary,0,3,293,896
New Zealand,2,5,Scotland,0,3,293,1051
Algeria,2,1,Germany FR,0,0,293,741
France,1,3,England,1,1,293,878
Honduras,1,1,Spain,1,0,293,901
Austria,1,0,Chile,1,0,293,764
Kuwait,1,1,Czechoslovakia,0,1,293,1012
Northern Ireland,0,0,Yugoslavia,0,0,293,1044
Peru,1,1,Italy,0,1,293,994
Hungary,1,4,Argentina,0,2,293,752
Scotland,1,4,Brazil,1,1,293,790
Cameroon,0,0,Poland,0,0,293,834
El Salvador,0,1,Belgium,0,1,293,774
New Zealand,0,3,Soviet Union,0,1,293,1054
Chile,1,4,Germany FR,0,1,293,813
Czechoslovakia,0,2,England,0,0,293,889
Yugoslavia,1,2,Spain,1,1,293,903
Austria,2,0,Algeria,0,0,293,739
Kuwait,1,4,France,0,2,293,919
Northern Ireland,1,1,Honduras,1,0,293,959
Peru,1,5,Poland,0,0,293,1055
Hungary,1,1,Belgium,1,0,293,779
Scotland,2,2,Soviet Union,1,0,293,1071
Cameroon,1,1,Italy,0,0,293,828
El Salvador,0,2,Argentina,0,1,293,751
New Zealand,0,4,Brazil,0,2,293,789
Chile,2,3,Algeria,0,3,293,740
Czechoslovakia,1,1,France,0,0,293,922
Yugoslavia,1,0,Honduras,0,0,293,962
Austria,0,1,Germany FR,0,1,293,770
Kuwait,0,1,England,0,1,293,882
Spain,0,1,Northern Ireland,0,0,293,902
France,1,0,Austria,1,0,294,767
Belgium,0,3,Poland,0,2,294,782
Argentina,1,2,Italy,0,0,294,753
England,0,0,Germany FR,0,0,294,879
Northern Ireland,2,2,Austria,1,0,294,771
Soviet Union,1,0,Belgium,0,0,294,783
Brazil,3,1,Argentina,1,0,294,750
Spain,1,2,Germany FR,0,0,294,900
Northern Ireland,1,4,France,0,1,294,920
Soviet Union,0,0,Poland,0,0,294,1058
Brazil,2,3,Italy,1,2,294,788
England,0,0,Spain,0,0,294,877
Italy,2,0,Poland,1,0,295,996
France,3,3,Germany FR,0,0,295,914
France,2,3,Poland,1,2,676,921
Germany FR,1,3,Italy,0,0,3475,923
Italy,1,1,Bulgaria,1,0,308,459
France,1,0,Canada,0,0,308,468
Brazil,1,0,Spain,0,0,308,439
Hungary,0,6,Soviet Union,0,3,308,610
Korea Republic,1,3,Argentina,0,2,308,395
Poland,0,0,Morocco,0,0,308,674
Northern Ireland,1,1,Algeria,1,0,308,379
Mexico,2,1,Belgium,2,1,308,428
England,0,1,Portugal,0,0,308,538
Iraq,0,1,Paraguay,0,1,308,628
Denmark,1,0,Scotland,0,0,308,517
Germany FR,1,1,Uruguay,0,1,308,585
Argentina,1,1,Italy,1,1,308,394
Soviet Union,1,1,France,0,0,308,571
Bulgaria,1,1,Korea Republic,1,0,308,460
Canada,0,2,Hungary,0,1,308,475
Algeria,0,1,Brazil,0,0,308,377
Morocco,0,0,England,0,0,308,533
Spain,2,1,Northern Ireland,2,0,308,551
Paraguay,1,1,Mexico,0,1,308,680
Portugal,0,1,Poland,0,0,308,701
Belgium,2,1,Iraq,2,0,308,427
Uruguay,1,6,Denmark,1,2,308,522
Scotland,1,2,Germany FR,1,1,308,580
France,3,0,Hungary,1,0,308,567
Canada,0,2,Soviet Union,0,0,308,476
Italy,3,2,Korea Republic,1,0,308,643
Bulgaria,0,2,Argentina,0,1,308,389
Belgium,2,2,Paraguay,1,0,308,429
Mexico,1,0,Iraq,0,0,308,627
Morocco,3,1,Portugal,2,0,308,675
Poland,0,3,England,0,3,308,537
Brazil,3,0,Northern Ireland,2,0,308,441
Spain,3,0,Algeria,1,0,308,378
Uruguay,0,0,Scotland,0,0,308,712
Germany FR,0,2,Denmark,0,1,308,512
Belgium,4,3,Soviet Union,0,0,309,432
Bulgaria,0,2,Mexico,0,1,309,463
Uruguay,0,1,Argentina,0,1,309,398
Poland,0,4,Brazil,0,1,309,444
France,2,0,Italy,1,0,309,568
Germany FR,1,0,Morocco,0,0,309,574
Paraguay,0,3,England,0,1,309,536
Spain,5,1,Denmark,1,1,309,511
France,1,1,Brazil,0,0,714,440
Mexico,0,0,Germany FR,0,0,714,575
Belgium,1,1,Spain,0,0,714,421
England,1,2,Argentina,0,0,714,392
Germany FR,2,0,France,1,0,3469,564
Belgium,0,2,Argentina,0,0,3469,388
Belgium,2,4,France,0,0,3468,422
Germany FR,2,3,Argentina,0,1,3467,393
Cameroon,1,0,Argentina,0,0,322,26
Romania,2,0,Soviet Union,1,0,322,342
Colombia,2,0,United Arab Emirates,0,0,322,119
Austria,0,1,Italy,0,0,322,42
Czechoslovakia,5,1,USA,2,0,322,355
Sweden,1,2,Brazil,0,1,322,75
Yugoslavia,1,4,Germany FR,0,2,322,201
Scotland,0,1,Costa Rica,0,0,322,127
Republic of Ireland,1,1,England,0,1,322,161
Korea Republic,0,2,Belgium,0,0,322,57
Egypt,1,1,Netherlands,0,0,322,151
Spain,0,0,Uruguay,0,0,322,180
Soviet Union,0,2,Argentina,0,1,322,30
Romania,1,2,Cameroon,0,0,322,108
Colombia,0,1,Yugoslavia,0,0,322,120
USA,0,1,Italy,0,1,322,265
Czechoslovakia,1,0,Austria,1,0,322,43
United Arab Emirates,1,5,Germany FR,0,2,322,198
Costa Rica,0,1,Brazil,0,1,322,73
Scotland,2,1,Sweden,1,0,322,348
Netherlands,0,0,England,0,0,322,160
Egypt,0,0,Republic of Ireland,0,0,322,152
Spain,3,1,Korea Republic,1,1,322,175
Uruguay,1,3,Belgium,0,2,322,66
Romania,1,1,Argentina,0,0,322,29
Soviet Union,4,0,Cameroon,2,0,322,111
Colombia,1,1,Germany FR,0,0,322,114
United Arab Emirates,1,4,Yugoslavia,1,2,322,364
Czechoslovakia,0,2,Italy,0,1,322,263
USA,1,2,Austria,0,0,322,48
Scotland,0,1,Brazil,0,0,322,74
Costa Rica,2,1,Sweden,0,1,322,128
Uruguay,1,0,Korea Republic,0,0,322,290
Spain,2,1,Belgium,2,1,322,56
Netherlands,1,1,Republic of Ireland,1,0,322,228
Egypt,0,1,England,0,0,322,150
Colombia,1,2,Cameroon,0,0,323,102
Costa Rica,1,4,Czechoslovakia,0,1,323,129
Argentina,1,0,Brazil,0,0,323,25
Netherlands,1,2,Germany FR,0,0,323,196
Romania,0,0,Republic of Ireland,0,0,323,248
Uruguay,0,2,Italy,0,0,323,264
Yugoslavia,2,1,Spain,0,0,323,181
Belgium,0,1,England,0,0,323,55
Argentina,0,0,Yugoslavia,0,0,751,31
Republic of Ireland,0,1,Italy,0,1,751,243
Czechoslovakia,0,1,Germany FR,0,1,751,197
Cameroon,2,3,England,0,0,751,103
Argentina,1,1,Italy,0,0,3464,28
England,1,1,Germany FR,0,0,3464,159
England,1,2,Italy,0,0,3463,162
Argentina,0,1,Germany FR,0,0,3462,27
Korea Republic,2,2,Spain,0,0,337,3050
Bolivia,0,1,Germany,0,0,337,3049
Switzerland,1,1,USA,1,1,337,3051
Republic of Ireland,1,0,Italy,1,0,337,3052
Romania,3,1,Colombia,2,1,337,3053
Morocco,0,1,Belgium,0,1,337,3054
Mexico,0,1,Norway,0,0,337,3055
Sweden,2,2,Cameroon,1,1,337,3056
Saudi Arabia,1,2,Netherlands,1,0,337,3058
Russia,0,2,Brazil,0,1,337,3057
Greece,0,4,Argentina,0,2,337,3059
Bulgaria,0,3,Nigeria,0,2,337,3061
Spain,1,1,Germany,1,0,337,3060
Switzerland,4,1,Romania,1,1,337,3062
Colombia,1,2,USA,0,1,337,3063
Norway,0,1,Italy,0,0,337,3064
Bolivia,0,0,Korea Republic,0,0,337,3065
Republic of Ireland,1,2,Mexico,0,1,337,3066
Russia,1,3,Sweden,1,1,337,3068
Cameroon,0,3,Brazil,0,1,337,3067
Netherlands,0,1,Belgium,0,0,337,3069
Morocco,1,2,Saudi Arabia,1,2,337,3070
Nigeria,1,2,Argentina,1,2,337,3071
Greece,0,4,Bulgaria,0,1,337,3072
Romania,1,0,USA,1,0,337,3073
Colombia,2,0,Switzerland,1,0,337,3074
Korea Republic,2,3,Germany,0,3,337,3076
Spain,3,1,Bolivia,1,0,337,3075
Norway,0,0,Republic of Ireland,0,0,337,3077
Sweden,1,1,Brazil,1,0,337,3080
Mexico,1,1,Italy,0,0,337,3078
Cameroon,1,6,Russia,0,3,337,3079
Netherlands,2,1,Morocco,1,0,337,3081
Saudi Arabia,1,0,Belgium,1,0,337,3082
Nigeria,2,0,Greece,1,0,337,3083
Bulgaria,2,0,Argentina,0,0,337,3084
Belgium,2,3,Germany,1,3,338,3085
Switzerland,0,3,Spain,0,1,338,3086
Sweden,3,1,Saudi Arabia,1,0,338,3087
Argentina,2,3,Romania,1,2,338,3088
Republic of Ireland,0,2,Netherlands,0,2,338,3089
USA,0,1,Brazil,0,0,338,3090
Italy,2,1,Nigeria,0,0,338,3091
Bulgaria,1,1,Mexico,0,0,338,3092
Spain,1,2,Italy,0,1,796,3097
Brazil,3,2,Netherlands,0,0,796,3098
Germany,1,2,Bulgaria,0,0,796,3096
Sweden,2,2,Romania,0,0,796,3095
Italy,2,1,Bulgaria,2,1,3461,3100
Brazil,1,0,Sweden,0,0,3461,3099
Bulgaria,0,4,Sweden,0,4,3460,3103
Italy,0,0,Brazil,0,0,3459,3104
Scotland,1,2,Brazil,1,1,1014,4000
Norway,2,2,Morocco,1,1,1014,8725
Chile,2,2,Italy,1,1,1014,8726
Austria,1,1,Cameroon,0,0,1014,8727
Bulgaria,0,0,Paraguay,0,0,1014,8728
Denmark,1,0,Saudi Arabia,0,0,1014,8729
South Africa,0,3,France,0,1,1014,8730
Nigeria,3,2,Spain,1,1,1014,8731
Mexico,3,1,Korea Republic,0,1,1014,8732
Belgium,0,0,Netherlands,0,0,1014,8733
Japan,0,1,Argentina,0,1,1014,8734
Iran,0,1,Yugoslavia,0,0,1014,8735
Croatia,3,1,Jamaica,1,1,1014,8736
Tunisia,0,2,England,0,1,1014,8740
Colombia,0,1,Romania,0,1,1014,8739
USA,0,2,Germany,0,1,1014,8738
Norway,1,1,Scotland,0,0,1014,8741
Morocco,0,3,Brazil,0,2,1014,8742
Austria,1,1,Chile,0,0,1014,8743
Cameroon,0,3,Italy,0,1,1014,8744
Denmark,1,1,South Africa,1,0,1014,8746
Saudi Arabia,0,4,France,0,1,1014,8745
Bulgaria,0,1,Nigeria,0,1,1014,8747
Paraguay,0,0,Spain,0,0,1014,8748
Croatia,1,0,Japan,0,0,1014,8751
Mexico,2,2,Belgium,0,1,1014,8750
Korea Republic,0,5,Netherlands,0,2,1014,8749
Yugoslavia,2,2,Germany,1,0,1014,8753
Jamaica,0,5,Argentina,0,1,1014,8752
Iran,2,1,USA,1,0,1014,8754
Tunisia,0,1,Colombia,0,0,1014,8755
England,1,2,Romania,0,0,1014,8756
Austria,1,2,Italy,0,0,1014,8757
Cameroon,1,1,Chile,0,1,1014,8760
Morocco,3,0,Scotland,1,0,1014,8758
Norway,2,1,Brazil,0,0,1014,8759
Denmark,1,2,France,1,1,1014,8762
Saudi Arabia,2,2,South Africa,1,1,1014,8764
Bulgaria,1,6,Spain,0,2,1014,8761
Paraguay,3,1,Nigeria,1,1,1014,8763
Korea Republic,1,1,Belgium,0,1,1014,8765
Mexico,2,2,Netherlands,0,2,1014,8766
Iran,0,2,Germany,0,0,1014,8767
Yugoslavia,1,0,USA,1,0,1014,8768
Jamaica,2,1,Japan,1,0,1014,8771
Croatia,0,1,Argentina,0,1,1014,8772
Tunisia,1,1,Romania,1,0,1014,8769
England,2,0,Colombia,2,0,1014,8770
Norway,0,1,Italy,0,1,1024,8774
Chile,1,4,Brazil,0,3,1024,8773
Paraguay,0,1,France,0,0,1024,8776
Denmark,4,1,Nigeria,2,0,1024,8775
Mexico,1,2,Germany,0,0,1024,8777
Yugoslavia,1,2,Netherlands,0,1,1024,8778
Croatia,1,0,Romania,1,0,1024,8780
England,2,2,Argentina,0,0,1024,8779
France,0,0,Italy,0,0,1025,8781
Denmark,2,3,Brazil,1,2,1025,8782
Argentina,1,2,Netherlands,1,1,1025,8784
Croatia,3,0,Germany,1,0,1025,8783
Netherlands,1,1,Brazil,0,0,1026,8785
Croatia,1,2,France,0,0,1026,8786
Croatia,2,1,Netherlands,2,1,1028,8787
France,3,0,Brazil,2,0,1027,8788
Senegal,1,0,France,1,0,43950100,43950001
Denmark,2,1,Uruguay,1,0,43950100,43950003
Cameroon,1,1,Republic of Ireland,1,0,43950100,43950002
Saudi Arabia,0,8,Germany,0,4,43950100,43950004
Nigeria,0,1,Argentina,0,0,43950100,43950007
South Africa,2,2,Paraguay,0,1,43950100,43950006
Sweden,1,1,England,0,1,43950100,43950005
Slovenia,1,3,Spain,0,1,43950100,43950008
Turkey,1,2,Brazil,1,0,43950100,43950010
Ecuador,0,2,Italy,0,2,43950100,43950011
Mexico,1,0,Croatia,0,0,43950100,43950009
Costa Rica,2,0,China PR,0,0,43950100,43950012
Belgium,2,2,Japan,0,0,43950100,43950013
Poland,0,2,Korea Republic,0,1,43950100,43950014
Tunisia,0,2,Russia,0,0,43950100,43950015
Portugal,2,3,USA,1,3,43950100,43950016
Republic of Ireland,1,1,Germany,0,1,43950100,43950017
Senegal,1,1,Denmark,0,1,43950100,43950020
Saudi Arabia,0,1,Cameroon,0,0,43950100,43950019
Uruguay,0,0,France,0,0,43950100,43950018
Nigeria,1,2,Sweden,1,1,43950100,43950021
England,1,0,Argentina,1,0,43950100,43950023
Paraguay,1,3,Spain,1,0,43950100,43950022
Slovenia,0,1,South Africa,0,1,43950100,43950024
China PR,0,4,Brazil,0,3,43950100,43950026
Croatia,2,1,Italy,0,0,43950100,43950025
Turkey,1,1,Costa Rica,0,0,43950100,43950028
Russia,0,1,Japan,0,0,43950100,43950029
Ecuador,1,2,Mexico,1,1,43950100,43950027
USA,1,1,Korea Republic,1,0,43950100,43950030
Poland,0,4,Portugal,0,1,43950100,43950032
Belgium,1,1,Tunisia,1,1,43950100,43950031
France,0,2,Denmark,0,1,43950100,43950033
Uruguay,3,3,Senegal,0,3,43950100,43950034
Republic of Ireland,3,0,Saudi Arabia,1,0,43950100,43950036
Germany,2,0,Cameroon,0,0,43950100,43950035
Argentina,1,1,Sweden,0,0,43950100,43950037
England,0,0,Nigeria,0,0,43950100,43950038
Paraguay,3,1,Slovenia,0,1,43950100,43950040
Spain,3,2,South Africa,2,1,43950100,43950039
Brazil,5,2,Costa Rica,3,1,43950100,43950041
China PR,0,3,Turkey,0,2,43950100,43950042
Croatia,0,1,Ecuador,0,0,43950100,43950044
Italy,1,1,Mexico,0,1,43950100,43950043
Japan,2,0,Tunisia,0,0,43950100,43950045
Korea Republic,1,0,Portugal,0,0,43950100,43950047
USA,1,3,Poland,0,2,43950100,43950048
Russia,2,3,Belgium,0,1,43950100,43950046
England,3,0,Denmark,3,0,43950200,43950050
Paraguay,0,1,Germany,0,0,43950200,43950049
Republic of Ireland,1,1,Spain,0,0,43950200,43950052
Senegal,2,1,Sweden,0,0,43950200,43950051
Belgium,0,2,Brazil,0,0,43950200,43950054
USA,2,0,Mexico,1,0,43950200,43950053
Turkey,1,0,Japan,1,0,43950200,43950055
Italy,1,2,Korea Republic,0,0,43950200,43950056
Brazil,2,1,England,1,1,43950300,43950057
USA,0,1,Germany,0,1,43950300,43950058
Turkey,1,0,Senegal,0,0,43950300,43950060
Korea Republic,0,0,Spain,0,0,43950300,43950059
Korea Republic,0,1,Germany,0,0,43950400,43950061
Turkey,0,1,Brazil,0,0,43950400,43950062
Turkey,3,2,Korea Republic,3,1,43950500,43950063
Brazil,2,0,Germany,0,0,43950600,43950064
Costa Rica,2,4,Germany,1,2,97410100,97410001
Ecuador,2,0,Poland,1,0,97410100,97410002
Paraguay,0,1,England,0,1,97410100,97410003
Sweden,0,0,Trinidad and Tobago,0,0,97410100,97410004
Cate d'Ivoire,1,2,Argentina,0,2,97410100,97410005
Netherlands,1,0,Serbia and Montenegro,1,0,97410100,97410006
Iran,1,3,Mexico,1,1,97410100,97410007
Portugal,1,0,Angola,1,0,97410100,97410008
Japan,1,3,Australia,1,0,97410100,97410012
Czech Republic,3,0,USA,2,0,97410100,97410010
Ghana,0,2,Italy,0,1,97410100,97410009
Togo,1,2,Korea Republic,1,0,97410100,97410014
Switzerland,0,0,France,0,0,97410100,97410013
Croatia,0,1,Brazil,0,1,97410100,97410011
Ukraine,0,4,Spain,0,2,97410100,97410015
Saudi Arabia,2,2,Tunisia,0,1,97410100,97410016
Poland,0,1,Germany,0,0,97410100,97410017
Costa Rica,0,3,Ecuador,0,1,97410100,97410018
Trinidad and Tobago,0,2,England,0,0,97410100,97410019
Paraguay,0,1,Sweden,0,0,97410100,97410020
Serbia and Montenegro,0,6,Argentina,0,3,97410100,97410021
Cate d'Ivoire,1,2,Netherlands,1,2,97410100,97410022
Angola,0,0,Mexico,0,0,97410100,97410023
IR Iran,0,2,Portugal,0,0,97410100,97410024
Ghana,2,0,Czech Republic,1,0,97410100,97410026
USA,1,1,Italy,1,1,97410100,97410025
Croatia,0,0,Japan,0,0,97410100,97410028
Australia,0,2,Brazil,0,0,97410100,97410027
Korea Republic,1,1,France,0,1,97410100,97410029
Switzerland,2,0,Togo,1,0,97410100,97410030
Ukraine,4,0,Saudi Arabia,2,0,97410100,97410032
Tunisia,1,3,Spain,1,0,97410100,97410031
Germany,3,0,Ecuador,2,0,97410100,97410033
Poland,2,1,Costa Rica,1,1,97410100,97410034
England,2,2,Sweden,1,0,97410100,97410035
Trinidad and Tobago,0,2,Paraguay,0,1,97410100,97410036
Angola,1,1,Iran,0,0,97410100,97410040
Mexico,1,2,Portugal,1,2,97410100,97410039
Argentina,0,0,Netherlands,0,0,97410100,97410037
Serbia and Montenegro,2,3,Cate d'Ivoire,2,1,97410100,97410038
Italy,2,0,Czech Republic,1,0,97410100,97410041
USA,1,2,Ghana,1,2,97410100,97410042
Brazil,4,1,Japan,1,1,97410100,97410043
Australia,2,2,Croatia,1,1,97410100,97410044
Tunisia,0,1,Ukraine,0,0,97410100,97410048
Spain,1,0,Saudi Arabia,1,0,97410100,97410047
France,2,0,Togo,0,0,97410100,97410045
Korea Republic,0,2,Switzerland,0,1,97410100,97410046
Sweden,0,2,Germany,0,2,97410200,97410049
Mexico,1,2,Argentina,0,0,97410200,97410050
Ecuador,0,1,England,0,0,97410200,97410051
Netherlands,0,1,Portugal,0,1,97410200,97410052
Australia,0,1,Italy,0,0,97410200,97410053
Ukraine,0,0,Switzerland,0,0,97410200,97410054
Ghana,0,3,Brazil,0,2,97410200,97410055
France,3,1,Spain,1,1,97410200,97410056
Argentina,1,1,Germany,0,0,97410300,97410057
Ukraine,0,3,Italy,0,1,97410300,97410058
Portugal,0,0,England,0,0,97410300,97410059
France,1,0,Brazil,0,0,97410300,97410060
Italy,2,0,Germany,0,0,97410400,97410061
France,1,0,Portugal,1,0,97410400,97410062
Portugal,1,3,Germany,0,0,97410500,97410063
France,1,1,Italy,0,0,97410600,97410064
Mexico,1,1,South Africa,0,0,249722,300061454
France,0,0,Uruguay,0,0,249722,300061453
Greece,0,2,Korea Republic,0,1,249722,300061459
Nigeria,0,1,Argentina,0,1,249722,300061460
USA,1,1,England,1,1,249722,300061466
Slovenia,1,0,Algeria,0,0,249722,300061465
Ghana,1,0,Serbia,0,0,249722,300061471
Australia,0,4,Germany,0,2,249722,300111116
Denmark,0,2,Netherlands,0,0,249722,300061478
Cameroon,0,1,Japan,0,1,249722,300061477
Paraguay,1,1,Italy,1,0,249722,300061484
Slovakia,1,1,New Zealand,0,0,249722,300061483
Portugal,0,0,Cate d'Ivoire,0,0,249722,300061489
Korea DPR,1,2,Brazil,0,0,249722,300061490
Chile,1,0,Honduras,1,0,249722,300061495
Switzerland,1,0,Spain,0,0,249722,300111112
Uruguay,3,0,South Africa,1,0,249722,300061452
Korea Republic,1,4,Argentina,1,2,249722,300061458
Nigeria,1,2,Greece,1,1,249722,300061457
Mexico,2,0,France,0,0,249722,300061451
Serbia,1,0,Germany,1,0,249722,300061470
USA,2,2,Slovenia,0,2,249722,300061463
Algeria,0,0,England,0,0,249722,300061464
Japan,0,1,Netherlands,0,0,249722,300111117
Australia,1,1,Ghana,1,1,249722,300061469
Denmark,2,1,Cameroon,1,1,249722,300061475
Paraguay,2,0,Slovakia,1,0,249722,300061481
New Zealand,1,1,Italy,1,1,249722,300061482
Cate d'Ivoire,1,3,Brazil,0,1,249722,300061488
Korea DPR,0,7,Portugal,0,1,249722,300061487
Switzerland,0,1,Chile,0,0,249722,300061493
Honduras,0,2,Spain,0,1,249722,300061494
Uruguay,1,0,Mexico,1,0,249722,300061450
South Africa,2,1,France,2,0,249722,300061449
Korea Republic,2,2,Nigeria,1,1,249722,300111115
Argentina,2,0,Greece,0,0,249722,300061455
England,1,0,Slovenia,1,0,249722,300061462
Algeria,0,1,USA,0,0,249722,300061461
Germany,1,0,Ghana,0,0,249722,300061468
Serbia,1,2,Australia,0,0,249722,300061467
Italy,2,3,Slovakia,0,1,249722,300061480
New Zealand,0,0,Paraguay,0,0,249722,300061479
Japan,3,1,Denmark,2,0,249722,300061474
Netherlands,2,1,Cameroon,1,0,249722,300061473
Brazil,0,0,Portugal,0,0,249722,300111111
Cate d'Ivoire,3,0,Korea DPR,2,0,249722,300061486
Spain,2,1,Chile,2,0,249722,300061491
Honduras,0,0,Switzerland,0,0,249722,300061492
Korea Republic,1,2,Uruguay,0,1,249717,300061504
Ghana,2,1,USA,0,0,249717,300061503
England,1,4,Germany,1,2,249717,300061501
Mexico,1,3,Argentina,0,2,249717,300061502
Slovakia,1,2,Netherlands,0,1,249717,300111113
Chile,0,3,Brazil,0,2,249717,300061500
Japan,0,0,Paraguay,0,0,249717,300061497
Portugal,0,1,Spain,0,0,249717,300061498
Brazil,1,2,Netherlands,1,0,249718,300061507
Ghana,1,1,Uruguay,0,0,249718,300061508
Germany,4,0,Argentina,1,0,249718,300061505
Spain,1,0,Paraguay,0,0,249718,300061506
Netherlands,3,2,Uruguay,1,1,249719,300061512
Spain,1,0,Germany,0,0,249719,300111114
Germany,3,2,Uruguay,1,1,249720,300061510
Spain,1,0,Netherlands,0,0,249721,300061509
Croatia,1,3,Brazil,1,1,255931,300186456
Cameroon,0,1,Mexico,0,0,255931,300186492
Netherlands,5,1,Spain,1,1,255931,300186510
Australia,1,3,Chile,1,2,255931,300186473
Greece,0,3,Colombia,0,1,255931,300186471
Costa Rica,3,1,Uruguay,0,1,255931,300186489
Italy,2,1,England,1,1,255931,300186513
Japan,1,2,Cate d'Ivoire,1,0,255931,300186507
Ecuador,1,2,Switzerland,1,0,255931,300186494
Honduras,0,3,France,0,1,255931,300186496
Bosnia and Herzegovina,1,2,Argentina,0,1,255931,300186477
Portugal,0,4,Germany,0,3,255931,300186475
Nigeria,0,0,IR Iran,0,0,255931,300186505
USA,2,1,Ghana,1,0,255931,300186512
Algeria,1,2,Belgium,1,0,255931,300186479
Mexico,0,0,Brazil,0,0,255931,300186509
Korea Republic,1,1,Russia,0,0,255931,300186499
Netherlands,3,2,Australia,1,1,255931,300186478
Chile,2,0,Spain,2,0,255931,300186498
Croatia,4,0,Cameroon,1,0,255931,300186453
Cate d'Ivoire,1,2,Colombia,0,0,255931,300186468
England,1,2,Uruguay,0,1,255931,300186486
Greece,0,0,Japan,0,0,255931,300186454
Costa Rica,1,0,Italy,1,0,255931,300186500
France,5,2,Switzerland,3,0,255931,300186514
Ecuador,2,1,Honduras,1,1,255931,300186463
IR Iran,0,1,Argentina,0,0,255931,300186466
Ghana,2,2,Germany,0,0,255931,300186493
Bosnia and Herzegovina,0,1,Nigeria,0,1,255931,300186511
Russia,0,1,Belgium,0,0,255931,300186481
Algeria,4,2,Korea Republic,3,0,255931,300186495
Portugal,2,2,USA,1,0,255931,300186483
Spain,3,0,Australia,1,0,255931,300186467
Chile,0,2,Netherlands,0,0,255931,300186470
Brazil,4,1,Cameroon,2,1,255931,300186472
Mexico,3,1,Croatia,0,0,255931,300186452
Uruguay,1,0,Italy,0,0,255931,300186465
England,0,0,Costa Rica,0,0,255931,300186484
Colombia,4,1,Japan,1,1,255931,300186457
Cate d'Ivoire,1,2,Greece,0,1,255931,300186455
Argentina,3,2,Nigeria,2,1,255931,300186458
IR Iran,1,3,Bosnia and Herzegovina,0,1,255931,300186464
Switzerland,3,0,Honduras,2,0,255931,300186482
France,0,0,Ecuador,0,0,255931,300186515
Germany,1,0,USA,0,0,255931,300186469
Ghana,1,2,Portugal,0,1,255931,300186476
Belgium,1,0,Korea Republic,0,0,255931,300186480
Russia,1,1,Algeria,1,0,255931,300186506
Chile,1,1,Brazil,0,0,255951,300186487
Uruguay,0,2,Colombia,0,1,255951,300186491
Nigeria,0,2,France,0,0,255951,300186462
Algeria,1,2,Germany,0,0,255951,300186460
Colombia,1,2,Brazil,0,1,255953,300186461
Germany,1,0,France,1,0,255953,300186485
Germany,7,1,Brazil,5,0,255955,300186474
Netherlands,3,0,Brazil,2,0,255957,300186502
Argentina,0,1,Germany,0,0,255959,300186501
Argentina,0,0,Netherlands,0,0,255955,300186490
Costa Rica,0,0,Netherlands,0,0,255953,300186488
Belgium,0,1,Argentina,0,1,255953,300186504
Mexico,1,2,Netherlands,0,0,255951,300186508
Greece,1,1,Costa Rica,0,0,255951,300186459
Switzerland,0,1,Argentina,0,0,255951,300186503
USA,1,2,Belgium,0,0,255951,300186497
Chile,1,1,Brazil,0,0,255951,300186487
Uruguay,0,2,Colombia,0,1,255951,300186491
Mexico,1,2,Netherlands,0,0,255951,300186508
Greece,1,1,Costa Rica,0,0,255951,300186459
Nigeria,0,2,France,0,0,255951,300186462
Algeria,1,2,Germany,0,0,255951,300186460
Switzerland,0,1,Argentina,0,0,255951,300186503
USA,1,2,Belgium,0,0,255951,300186497
Germany,1,0,France,1,0,255953,300186485
Colombia,1,2,Brazil,0,1,255953,300186461
Belgium,0,1,Argentina,0,1,255953,300186504
Costa Rica,0,0,Netherlands,0,0,255953,300186488
Germany,7,1,Brazil,5,0,255955,300186474
Argentina,0,0,Netherlands,0,0,255955,300186490
Netherlands,3,0,Brazil,2,0,255957,300186502
Argentina,0,1,Germany,0,0,255959,300186501
